﻿<graphml>
  <graph id="graphResearch" edgedefault="undirected">

    <node id="1">
      <data key="labelV">contact</data>
      <data key="identifiant">0000028d-8762-4bee-be1f-5e4b460e1344</data>
    </node>
    
    <node id="2">
      <data key="labelV">contact</data>
      <data key="identifiant">000002e0-ac5b-4bf3-bcc6-94e2a0b86e05</data>
      <data key="businessemail">edison_schultz@stracke.ca</data>
      <data key="homeaddress">3205 Marge Track Apt. 828, HB0 5IN, North Tyrique, Holy See (Vatican City State)</data>
      <data key="identifiant">8914222</data>
      <data key="labelV">contactstate</data>
      <data key="name">Edison Schultz</data>
      <data key="officepostcode">63102</data>
      <data key="officestreet">ATTN: P &amp; S DEPT 1 FINANCIAL PLAZA</data>
      <data key="personalemail">jalen.koepp@gmail.com</data>
      <data key="phonenumber">030-216-8273 x62271</data>
      <data key="username">edison_schultz</data>
      <data key="website">sawaynturcotte.name</data>
    </node>


    <node id="3">
      <data key="labelV">contact</data>
      <data key="identifiant">0000028d-8762-4bee-be1f-5e4b460e1345</data>
    </node>

    <node id="4">
      <data key="labelV">contact</data>
      <data key="identifiant">000002e0-ac5b-4bf3-bcc6-94e2a0b86e06</data>
      <data key="businessemail">edison_schultz@stracke.ca</data>
      <data key="homeaddress">3205 Marge Track Apt. 828, HB0 5IN, North Tyrique, Holy See (Vatican City State)</data>
      <data key="identifiant">8914222</data>
      <data key="labelV">contactstate</data>
      <data key="name">Edison Schultz</data>
      <data key="officepostcode">63102</data>
      <data key="officestreet">ATTN: P &amp; S DEPT 1 FINANCIAL PLAZA</data>
      <data key="personalemail">jalen.koepp@gmail.com</data>
      <data key="phonenumber">030-216-8273 x62271</data>
      <data key="username">edison_schultz</data>
      <data key="website">sawaynturcotte.name</data>
    </node>
    
    
    <edge id="1" source="1" target="2">
      <data key="from">1490842800</data>
      <data key="labelE">state</data>
    </edge>
    
    
    
    
    
    
  </graph>
</graphml>