<?xml version="1.0" encoding="utf-8"?>
<graphml>
  <graph id="grdmGraph" edgedefault="directed">
    <node id="OUKTRES_STATE">
      <data key="CisCode">OUKTRES</data>
      <data key="ShortName">UK TREASURY 4</data>
      <data key="EntityStatus">ACTV</data>
      <data key="labelV">LegalEntityState</data>
    </node>
	
    <node id="OUKTRES">
      <data key="CisCode">OUKTRES</data>
      <data key="labelV">LegalEntity</data>
    </node>

    <edge id="e0" source="OUKTRES" target="OUKTRES_STATE">
      <data key="labelE">state</data>
    </edge>
    <node id="OGTRCCY">
      <data key="CisCode">OUKTRES</data>
      <data key="labelV">LegalEntity</data>
    </node>

    <edge id="e1" source="OUKTRES" target="OGTRCCY">
      <data key="labelE">ParentOf</data>
    </edge>


	
  </graph>
</graphml>
